-- 02_carga_oltp.sql
USE OLTP_Celulares;
GO
INSERT INTO dbo.Ciudades (id_ciudad, ciudad, provincia) VALUES
  (1, 'Buenos Aires', 'Buenos Aires'),
  (2, 'Córdoba', 'Córdoba'),
  (3, 'Rosario', 'Santa Fe'),
  (4, 'Mendoza', 'Mendoza'),
  (5, 'San Luis', 'San Luis'),
  (6, 'La Plata', 'Buenos Aires');

INSERT INTO dbo.Locales (id_local, id_ciudad, nombre_local, direccion) VALUES
  (1, 1, 'Sucursal Centro BUE', 'Av. Principal 101'),
  (2, 1, 'Sucursal Norte BUE', 'Av. Principal 102'),
  (3, 2, 'Sucursal Centro CÓR', 'Av. Principal 103'),
  (4, 2, 'Sucursal Norte CÓR', 'Av. Principal 104'),
  (5, 3, 'Sucursal Centro ROS', 'Av. Principal 105'),
  (6, 3, 'Sucursal Norte ROS', 'Av. Principal 106'),
  (7, 4, 'Sucursal Centro MEN', 'Av. Principal 107'),
  (8, 4, 'Sucursal Norte MEN', 'Av. Principal 108'),
  (9, 5, 'Sucursal Centro SAN', 'Av. Principal 109'),
  (10, 5, 'Sucursal Norte SAN', 'Av. Principal 110'),
  (11, 6, 'Sucursal Centro LA ', 'Av. Principal 111'),
  (12, 6, 'Sucursal Norte LA ', 'Av. Principal 112');

INSERT INTO dbo.Marcas (id_marca, marca) VALUES
  (1, 'Samsung'),
  (2, 'Apple'),
  (3, 'Xiaomi'),
  (4, 'Motorola'),
  (5, 'Huawei'),
  (6, 'TCL');

INSERT INTO dbo.Modelos (id_modelo, id_marca, modelo, almacenamiento_gb, ram_gb) VALUES
  (1, 1, 'Galaxy A34', 128, 6),
  (2, 1, 'Galaxy S23', 256, 8),
  (3, 1, 'Galaxy S24', 256, 12),
  (4, 2, 'iPhone 13', 128, 4),
  (5, 2, 'iPhone 14', 128, 6),
  (6, 2, 'iPhone 15', 256, 6),
  (7, 3, 'Redmi Note 12', 128, 6),
  (8, 3, 'Poco X6', 256, 8),
  (9, 4, 'Moto G54', 128, 8),
  (10, 4, 'Edge 40', 256, 8),
  (11, 5, 'P60', 256, 8),
  (12, 6, 'TCL 40 SE', 128, 6);

INSERT INTO dbo.Vendedores (id_vendedor, nombre, apellido, legajo) VALUES
  (1, 'Nicolás', 'Rodríguez', 'VEN-1001'),
  (2, 'Lucía', 'Pérez', 'VEN-1002'),
  (3, 'Sofía', 'Martínez', 'VEN-1003'),
  (4, 'Agustina', 'Rodríguez', 'VEN-1004'),
  (5, 'Nicolás', 'Díaz', 'VEN-1005'),
  (6, 'Mateo', 'Álvarez', 'VEN-1006'),
  (7, 'Julián', 'Gómez', 'VEN-1007'),
  (8, 'Lucía', 'Rodríguez', 'VEN-1008'),
  (9, 'Sofía', 'Martínez', 'VEN-1009'),
  (10, 'Tomás', 'Álvarez', 'VEN-1010'),
  (11, 'Lucía', 'Díaz', 'VEN-1011'),
  (12, 'Sofía', 'Díaz', 'VEN-1012'),
  (13, 'Julián', 'Martínez', 'VEN-1013'),
  (14, 'Camila', 'Álvarez', 'VEN-1014'),
  (15, 'Bruno', 'Gómez', 'VEN-1015');

INSERT INTO dbo.Clientes (id_cliente, nombre, apellido, dni, genero, fecha_nacimiento) VALUES
  (1, 'Rocío', 'González', 20000017, 'M', '1982-02-28'),
  (2, 'Pablo', 'González', 20000034, 'F', '1981-12-22'),
  (3, 'Ezequiel', 'Rodríguez', 20000051, 'M', '1979-02-28'),
  (4, 'Florencia', 'Pérez', 20000068, 'F', '1990-06-06'),
  (5, 'Soledad', 'Rodríguez', 20000085, 'M', '1995-08-11'),
  (6, 'Soledad', 'Pérez', 20000102, 'X', '1978-07-15'),
  (7, 'Cintia', 'Álvarez', 20000119, 'F', '2002-09-29'),
  (8, 'Ana', 'Martínez', 20000136, 'M', '1978-02-13'),
  (9, 'Eliana', 'Rodríguez', 20000153, 'M', '1978-07-31'),
  (10, 'Diego', 'González', 20000170, 'F', '1987-06-21'),
  (11, 'Cintia', 'Martínez', 20000187, 'X', '1991-08-10'),
  (12, 'Pedro', 'Álvarez', 20000204, 'X', '1986-12-23'),
  (13, 'Soledad', 'Martínez', 20000221, 'F', '1982-09-04'),
  (14, 'Ezequiel', 'Pérez', 20000238, 'X', '1995-09-26'),
  (15, 'Eliana', 'González', 20000255, 'F', '1999-12-26'),
  (16, 'Ana', 'González', 20000272, 'M', '1985-04-10'),
  (17, 'Pedro', 'Martínez', 20000289, 'X', '1987-01-04'),
  (18, 'Pablo', 'Sánchez', 20000306, 'M', '1989-02-11'),
  (19, 'Diego', 'López', 20000323, 'M', '2003-11-02'),
  (20, 'Eliana', 'Díaz', 20000340, 'X', '1981-04-06'),
  (21, 'Lautaro', 'Fernández', 20000357, 'X', '1986-10-14'),
  (22, 'Cintia', 'Martínez', 20000374, 'F', '1992-11-30'),
  (23, 'Noelia', 'Rodríguez', 20000391, 'F', '1997-11-09'),
  (24, 'Sergio', 'López', 20000408, 'X', '1979-12-02'),
  (25, 'Florencia', 'Rodríguez', 20000425, 'M', '1993-12-08'),
  (26, 'Florencia', 'Sánchez', 20000442, 'X', '1992-02-13'),
  (27, 'Soledad', 'Gómez', 20000459, 'X', '1986-04-12'),
  (28, 'Soledad', 'Pérez', 20000476, 'X', '1980-02-20'),
  (29, 'Carla', 'Pérez', 20000493, 'M', '1990-04-05'),
  (30, 'Diego', 'Gómez', 20000510, 'X', '1982-02-04'),
  (31, 'Hernán', 'López', 20000527, 'X', '1986-10-25'),
  (32, 'Patricia', 'Díaz', 20000544, 'X', '1979-10-10'),
  (33, 'Sergio', 'González', 20000561, 'F', '1983-12-03'),
  (34, 'Hernán', 'Gómez', 20000578, 'X', '1999-03-13'),
  (35, 'Noelia', 'Gómez', 20000595, 'F', '1989-07-16'),
  (36, 'Patricia', 'Martínez', 20000612, 'F', '1991-04-14'),
  (37, 'Lautaro', 'Rodríguez', 20000629, 'F', '1985-10-21'),
  (38, 'Pedro', 'Díaz', 20000646, 'F', '1996-10-19'),
  (39, 'Noelia', 'Díaz', 20000663, 'F', '1980-10-04'),
  (40, 'Hernán', 'Álvarez', 20000680, 'M', '1986-11-21'),
  (41, 'Soledad', 'Martínez', 20000697, 'X', '1984-07-02'),
  (42, 'Ezequiel', 'González', 20000714, 'M', '1988-12-25'),
  (43, 'Diego', 'Rodríguez', 20000731, 'F', '1998-03-20'),
  (44, 'Pedro', 'González', 20000748, 'F', '1985-01-29'),
  (45, 'Soledad', 'Martínez', 20000765, 'X', '2001-05-22'),
  (46, 'Juan', 'Rodríguez', 20000782, 'X', '1984-11-17'),
  (47, 'Ana', 'Martínez', 20000799, 'F', '2003-04-23'),
  (48, 'Franco', 'Rodríguez', 20000816, 'X', '1976-05-29'),
  (49, 'Mariano', 'Sánchez', 20000833, 'F', '1985-09-04'),
  (50, 'Sergio', 'Álvarez', 20000850, 'X', '1999-03-10'),
  (51, 'Eliana', 'Sánchez', 20000867, 'M', '1996-03-15'),
  (52, 'Carla', 'Rodríguez', 20000884, 'X', '1983-07-17'),
  (53, 'Cintia', 'Fernández', 20000901, 'M', '1994-05-03'),
  (54, 'Ana', 'Rodríguez', 20000918, 'F', '1995-12-13'),
  (55, 'Franco', 'Rodríguez', 20000935, 'F', '1993-01-22'),
  (56, 'Pablo', 'Díaz', 20000952, 'M', '1983-08-06'),
  (57, 'Rocío', 'López', 20000969, 'M', '1981-04-15'),
  (58, 'Eliana', 'Rodríguez', 20000986, 'M', '1995-10-02'),
  (59, 'Carla', 'Gómez', 20001003, 'X', '1999-09-08'),
  (60, 'Juan', 'Rodríguez', 20001020, 'F', '1999-04-01'),
  (61, 'Rocío', 'Sánchez', 20001037, 'M', '1982-06-17'),
  (62, 'Ezequiel', 'Gómez', 20001054, 'F', '1984-08-03'),
  (63, 'Juan', 'Fernández', 20001071, 'M', '1992-01-01'),
  (64, 'Patricia', 'Fernández', 20001088, 'X', '1995-05-30'),
  (65, 'Noelia', 'López', 20001105, 'F', '1999-12-06'),
  (66, 'Pablo', 'Gómez', 20001122, 'X', '1988-04-23'),
  (67, 'Ana', 'González', 20001139, 'F', '1999-04-28'),
  (68, 'Lautaro', 'Sánchez', 20001156, 'X', '1977-04-01'),
  (69, 'Laura', 'Gómez', 20001173, 'X', '1998-10-28'),
  (70, 'Laura', 'Rodríguez', 20001190, 'X', '1978-08-05'),
  (71, 'Eliana', 'Fernández', 20001207, 'F', '1978-01-18'),
  (72, 'Eliana', 'Álvarez', 20001224, 'X', '2000-07-21'),
  (73, 'Florencia', 'Rodríguez', 20001241, 'M', '1976-10-13'),
  (74, 'Lautaro', 'Álvarez', 20001258, 'X', '2004-06-27'),
  (75, 'Mariano', 'Martínez', 20001275, 'X', '1989-03-11'),
  (76, 'Eliana', 'Pérez', 20001292, 'M', '1989-02-03'),
  (77, 'Patricia', 'Sánchez', 20001309, 'M', '1980-11-14'),
  (78, 'Juan', 'Sánchez', 20001326, 'X', '1978-04-03'),
  (79, 'Carla', 'Rodríguez', 20001343, 'X', '2000-04-03'),
  (80, 'Hernán', 'Pérez', 20001360, 'F', '1984-07-24'),
  (81, 'Pedro', 'Martínez', 20001377, 'M', '1990-08-28'),
  (82, 'Laura', 'Sánchez', 20001394, 'X', '1987-10-14'),
  (83, 'Florencia', 'Díaz', 20001411, 'F', '1988-07-27'),
  (84, 'Soledad', 'Pérez', 20001428, 'X', '2004-12-16'),
  (85, 'Sergio', 'Pérez', 20001445, 'F', '1979-08-25'),
  (86, 'Soledad', 'López', 20001462, 'M', '1979-10-20'),
  (87, 'Florencia', 'Martínez', 20001479, 'X', '1987-08-22'),
  (88, 'Pablo', 'Pérez', 20001496, 'X', '1990-05-19'),
  (89, 'Mariano', 'Gómez', 20001513, 'F', '1996-11-30'),
  (90, 'Rocío', 'Pérez', 20001530, 'F', '2003-06-15'),
  (91, 'Franco', 'López', 20001547, 'X', '1975-02-28'),
  (92, 'Laura', 'Sánchez', 20001564, 'X', '1986-10-01'),
  (93, 'Soledad', 'Gómez', 20001581, 'F', '1994-03-09'),
  (94, 'Sergio', 'Díaz', 20001598, 'F', '1978-05-17'),
  (95, 'Lautaro', 'Díaz', 20001615, 'F', '1991-07-25'),
  (96, 'Sergio', 'Gómez', 20001632, 'M', '1994-04-12'),
  (97, 'Ana', 'González', 20001649, 'F', '1991-05-11'),
  (98, 'Carla', 'González', 20001666, 'X', '1986-03-12'),
  (99, 'Florencia', 'López', 20001683, 'F', '1993-03-25'),
  (100, 'Laura', 'Fernández', 20001700, 'F', '1982-04-16'),
  (101, 'Franco', 'Fernández', 20001717, 'X', '1983-01-17'),
  (102, 'Mariano', 'López', 20001734, 'X', '1986-02-17'),
  (103, 'Ezequiel', 'Gómez', 20001751, 'M', '1979-11-07'),
  (104, 'Pablo', 'Sánchez', 20001768, 'M', '1984-12-23'),
  (105, 'Eliana', 'Martínez', 20001785, 'F', '1988-09-09'),
  (106, 'Pablo', 'Fernández', 20001802, 'M', '2004-08-09'),
  (107, 'Pedro', 'Pérez', 20001819, 'M', '1987-07-01'),
  (108, 'Hernán', 'Fernández', 20001836, 'X', '2003-10-11'),
  (109, 'Franco', 'Gómez', 20001853, 'F', '1999-01-20'),
  (110, 'Laura', 'Álvarez', 20001870, 'M', '1986-09-19'),
  (111, 'Carla', 'Álvarez', 20001887, 'M', '1976-09-18'),
  (112, 'Franco', 'Fernández', 20001904, 'X', '1990-07-04'),
  (113, 'Carla', 'Fernández', 20001921, 'X', '1997-12-10'),
  (114, 'Mariano', 'Gómez', 20001938, 'X', '1983-07-12'),
  (115, 'Juan', 'Díaz', 20001955, 'X', '1994-07-24'),
  (116, 'Cintia', 'Fernández', 20001972, 'F', '1983-11-03'),
  (117, 'Franco', 'Álvarez', 20001989, 'M', '2004-10-17'),
  (118, 'Carla', 'Pérez', 20002006, 'X', '2004-10-03'),
  (119, 'Rocío', 'González', 20002023, 'M', '1988-11-15'),
  (120, 'Soledad', 'López', 20002040, 'F', '1988-04-06'),
  (121, 'Ezequiel', 'López', 20002057, 'X', '1993-11-10'),
  (122, 'Patricia', 'Fernández', 20002074, 'X', '2000-07-12'),
  (123, 'Patricia', 'Pérez', 20002091, 'F', '1975-01-07'),
  (124, 'Lautaro', 'Álvarez', 20002108, 'X', '1994-04-14'),
  (125, 'Diego', 'Sánchez', 20002125, 'M', '1989-06-15'),
  (126, 'Hernán', 'Sánchez', 20002142, 'X', '1984-08-02'),
  (127, 'Pedro', 'Pérez', 20002159, 'X', '1982-08-12'),
  (128, 'Florencia', 'González', 20002176, 'F', '2004-10-11'),
  (129, 'Patricia', 'Martínez', 20002193, 'F', '1985-07-15'),
  (130, 'Juan', 'Gómez', 20002210, 'F', '1981-08-11'),
  (131, 'Florencia', 'Rodríguez', 20002227, 'M', '1996-04-24'),
  (132, 'Lautaro', 'Martínez', 20002244, 'X', '1993-08-04'),
  (133, 'Noelia', 'Fernández', 20002261, 'F', '1992-03-23'),
  (134, 'Juan', 'Rodríguez', 20002278, 'M', '1981-08-14'),
  (135, 'Laura', 'Díaz', 20002295, 'M', '1984-10-25'),
  (136, 'Soledad', 'Martínez', 20002312, 'F', '1977-04-02'),
  (137, 'Sergio', 'Sánchez', 20002329, 'X', '1995-06-23'),
  (138, 'Soledad', 'Álvarez', 20002346, 'M', '1998-10-29'),
  (139, 'Florencia', 'Díaz', 20002363, 'M', '1994-11-08'),
  (140, 'Diego', 'López', 20002380, 'X', '1999-07-30'),
  (141, 'Diego', 'Pérez', 20002397, 'F', '1996-04-17'),
  (142, 'Mariano', 'Díaz', 20002414, 'M', '2003-08-09'),
  (143, 'Eliana', 'Pérez', 20002431, 'M', '2003-02-11'),
  (144, 'Patricia', 'Martínez', 20002448, 'M', '1978-06-23'),
  (145, 'Franco', 'Díaz', 20002465, 'F', '1990-01-24'),
  (146, 'Sergio', 'Martínez', 20002482, 'M', '1981-03-17'),
  (147, 'Pablo', 'Rodríguez', 20002499, 'M', '1981-11-08'),
  (148, 'Franco', 'Díaz', 20002516, 'M', '1993-04-14'),
  (149, 'Ana', 'Martínez', 20002533, 'M', '1993-08-26'),
  (150, 'Lautaro', 'Gómez', 20002550, 'X', '1992-06-21'),
  (151, 'Noelia', 'Gómez', 20002567, 'M', '1992-01-24'),
  (152, 'Ezequiel', 'Fernández', 20002584, 'X', '1988-05-24'),
  (153, 'Florencia', 'Martínez', 20002601, 'M', '1999-07-01'),
  (154, 'Mariano', 'Fernández', 20002618, 'M', '1984-11-04'),
  (155, 'Ezequiel', 'González', 20002635, 'X', '1976-04-20'),
  (156, 'Laura', 'Sánchez', 20002652, 'F', '1993-02-19'),
  (157, 'Soledad', 'Gómez', 20002669, 'M', '2002-11-30'),
  (158, 'Lautaro', 'Gómez', 20002686, 'F', '2001-07-20'),
  (159, 'Rocío', 'López', 20002703, 'M', '2003-10-31'),
  (160, 'Ana', 'Pérez', 20002720, 'M', '1983-02-25'),
  (161, 'Pablo', 'Sánchez', 20002737, 'M', '1989-09-07'),
  (162, 'Ezequiel', 'Pérez', 20002754, 'M', '1990-02-20'),
  (163, 'Pedro', 'Sánchez', 20002771, 'F', '1986-04-26'),
  (164, 'Ana', 'González', 20002788, 'F', '1999-03-13'),
  (165, 'Pedro', 'Gómez', 20002805, 'F', '2004-02-29'),
  (166, 'Pablo', 'Gómez', 20002822, 'X', '1986-02-03'),
  (167, 'Eliana', 'López', 20002839, 'M', '1981-11-01'),
  (168, 'Lautaro', 'Martínez', 20002856, 'M', '1980-02-18'),
  (169, 'Cintia', 'López', 20002873, 'X', '1986-06-30'),
  (170, 'Carla', 'López', 20002890, 'M', '2002-03-29'),
  (171, 'Lautaro', 'Gómez', 20002907, 'M', '1979-11-07'),
  (172, 'Ezequiel', 'Fernández', 20002924, 'X', '2000-10-29'),
  (173, 'Pedro', 'Álvarez', 20002941, 'X', '1983-11-24'),
  (174, 'Eliana', 'Rodríguez', 20002958, 'X', '2003-02-19'),
  (175, 'Florencia', 'Rodríguez', 20002975, 'X', '1988-07-12'),
  (176, 'Cintia', 'Díaz', 20002992, 'M', '1976-11-03'),
  (177, 'Cintia', 'Rodríguez', 20003009, 'X', '2004-09-03'),
  (178, 'Franco', 'Gómez', 20003026, 'M', '2004-01-18'),
  (179, 'Carla', 'Fernández', 20003043, 'M', '1996-12-27'),
  (180, 'Diego', 'López', 20003060, 'M', '2003-07-06'),
  (181, 'Hernán', 'Pérez', 20003077, 'X', '1982-11-25'),
  (182, 'Noelia', 'Sánchez', 20003094, 'M', '1999-02-21'),
  (183, 'Mariano', 'González', 20003111, 'F', '2001-07-30'),
  (184, 'Mariano', 'Sánchez', 20003128, 'F', '1978-11-20'),
  (185, 'Lautaro', 'Álvarez', 20003145, 'X', '1995-11-05'),
  (186, 'Franco', 'Gómez', 20003162, 'M', '1992-01-01'),
  (187, 'Laura', 'Sánchez', 20003179, 'F', '1989-07-31'),
  (188, 'Mariano', 'González', 20003196, 'M', '1990-12-01'),
  (189, 'Mariano', 'Díaz', 20003213, 'F', '2001-09-28'),
  (190, 'Pablo', 'Rodríguez', 20003230, 'F', '1998-03-05'),
  (191, 'Noelia', 'Díaz', 20003247, 'F', '1993-03-25'),
  (192, 'Noelia', 'Sánchez', 20003264, 'F', '1996-05-10'),
  (193, 'Patricia', 'Martínez', 20003281, 'M', '1979-03-05'),
  (194, 'Patricia', 'Álvarez', 20003298, 'M', '1985-11-30'),
  (195, 'Soledad', 'Díaz', 20003315, 'M', '1996-03-24'),
  (196, 'Soledad', 'González', 20003332, 'M', '1994-02-01'),
  (197, 'Mariano', 'Pérez', 20003349, 'M', '1995-05-10'),
  (198, 'Carla', 'Martínez', 20003366, 'M', '1985-05-05'),
  (199, 'Soledad', 'López', 20003383, 'F', '1980-05-12'),
  (200, 'Noelia', 'Pérez', 20003400, 'X', '1984-09-15');

INSERT INTO dbo.FormasPago (id_forma_pago, descripcion) VALUES
  (1, 'Efectivo'),
  (2, 'Tarjeta Crédito'),
  (3, 'Tarjeta Débito'),
  (4, 'Transferencia'),
  (5, 'Mercado Pago');

INSERT INTO dbo.Ventas (id_venta, fecha_venta, id_local, id_cliente, id_vendedor, id_forma_pago, canal) VALUES
  (1, '2025-08-26', 11, 100, 5, 1, 'Online'),
  (2, '2024-10-30', 11, 11, 8, 1, 'Salón'),
  (3, '2024-01-15', 6, 146, 4, 3, 'Salón'),
  (4, '2025-07-20', 10, 194, 9, 4, 'Online'),
  (5, '2024-04-15', 4, 61, 10, 5, 'Salón'),
  (6, '2025-03-27', 5, 52, 14, 5, 'Online'),
  (7, '2024-09-15', 4, 8, 6, 1, 'Online'),
  (8, '2025-02-14', 4, 64, 10, 3, 'Online'),
  (9, '2024-02-24', 6, 64, 6, 5, 'Salón'),
  (10, '2024-11-07', 4, 173, 15, 3, 'Salón'),
  (11, '2025-07-25', 8, 6, 8, 2, 'Online'),
  (12, '2025-06-19', 8, 79, 6, 2, 'Online'),
  (13, '2025-08-25', 3, 95, 4, 2, 'Online'),
  (14, '2024-03-02', 2, 61, 15, 5, 'Salón'),
  (15, '2024-08-04', 11, 139, 14, 2, 'Online'),
  (16, '2024-06-26', 10, 80, 8, 3, 'Salón'),
  (17, '2025-02-22', 4, 8, 2, 3, 'Online'),
  (18, '2024-02-03', 7, 172, 12, 1, 'Salón'),
  (19, '2025-04-09', 4, 155, 5, 4, 'Salón'),
  (20, '2025-08-26', 10, 136, 2, 4, 'Salón'),
  (21, '2024-08-18', 5, 47, 3, 4, 'Salón'),
  (22, '2024-03-02', 9, 169, 5, 3, 'Salón'),
  (23, '2025-08-05', 5, 92, 3, 4, 'Online'),
  (24, '2024-11-07', 2, 166, 4, 3, 'Online'),
  (25, '2025-05-20', 7, 180, 13, 3, 'Online'),
  (26, '2024-02-10', 10, 166, 14, 4, 'Online'),
  (27, '2024-01-27', 12, 118, 8, 2, 'Salón'),
  (28, '2025-08-12', 5, 80, 13, 2, 'Salón'),
  (29, '2024-06-28', 4, 105, 1, 5, 'Online'),
  (30, '2024-07-04', 10, 175, 5, 4, 'Online'),
  (31, '2024-12-22', 12, 83, 15, 3, 'Online'),
  (32, '2024-04-17', 11, 99, 6, 5, 'Salón'),
  (33, '2025-05-22', 5, 4, 8, 3, 'Online'),
  (34, '2025-04-10', 2, 119, 3, 1, 'Salón'),
  (35, '2024-04-28', 6, 158, 13, 1, 'Online'),
  (36, '2025-04-18', 6, 1, 6, 2, 'Online'),
  (37, '2025-06-14', 9, 21, 12, 2, 'Online'),
  (38, '2024-02-22', 12, 185, 1, 2, 'Salón'),
  (39, '2024-10-21', 7, 69, 6, 1, 'Online'),
  (40, '2025-09-15', 5, 151, 13, 5, 'Salón'),
  (41, '2024-01-15', 9, 200, 2, 1, 'Online'),
  (42, '2024-04-26', 5, 81, 9, 4, 'Online'),
  (43, '2024-06-06', 4, 165, 8, 3, 'Online'),
  (44, '2024-10-06', 5, 174, 5, 2, 'Online'),
  (45, '2025-04-12', 12, 164, 8, 4, 'Salón'),
  (46, '2025-06-04', 9, 137, 7, 5, 'Salón'),
  (47, '2025-02-28', 7, 23, 6, 4, 'Online'),
  (48, '2024-11-01', 2, 109, 13, 5, 'Online'),
  (49, '2025-07-05', 9, 176, 3, 1, 'Online'),
  (50, '2025-07-10', 1, 154, 14, 2, 'Online'),
  (51, '2024-09-01', 2, 82, 8, 3, 'Online'),
  (52, '2024-02-14', 10, 31, 10, 4, 'Online'),
  (53, '2025-01-30', 7, 123, 1, 3, 'Salón'),
  (54, '2025-05-29', 1, 28, 11, 4, 'Online'),
  (55, '2024-04-12', 10, 3, 5, 2, 'Online'),
  (56, '2024-05-27', 4, 101, 10, 2, 'Online'),
  (57, '2024-09-28', 2, 10, 6, 5, 'Online'),
  (58, '2024-03-23', 5, 84, 5, 5, 'Online'),
  (59, '2025-05-14', 10, 90, 9, 4, 'Salón'),
  (60, '2024-10-21', 3, 186, 14, 5, 'Salón'),
  (61, '2024-04-12', 1, 68, 15, 1, 'Online'),
  (62, '2024-11-02', 12, 141, 2, 2, 'Salón'),
  (63, '2024-02-27', 1, 11, 3, 2, 'Online'),
  (64, '2024-05-29', 7, 83, 9, 5, 'Salón'),
  (65, '2024-07-03', 9, 175, 15, 2, 'Salón'),
  (66, '2025-09-16', 9, 2, 7, 3, 'Online'),
  (67, '2025-08-20', 10, 105, 8, 2, 'Salón'),
  (68, '2024-09-17', 1, 192, 15, 4, 'Online'),
  (69, '2025-04-21', 6, 30, 1, 3, 'Online'),
  (70, '2025-03-28', 7, 66, 8, 4, 'Online'),
  (71, '2024-09-13', 5, 38, 8, 1, 'Online'),
  (72, '2025-05-09', 5, 128, 14, 2, 'Salón'),
  (73, '2025-08-08', 6, 136, 10, 3, 'Online'),
  (74, '2024-01-23', 7, 47, 8, 1, 'Online'),
  (75, '2024-02-20', 4, 86, 8, 4, 'Online'),
  (76, '2024-12-26', 5, 150, 8, 5, 'Salón'),
  (77, '2024-05-20', 5, 119, 3, 1, 'Salón'),
  (78, '2025-03-27', 5, 177, 4, 5, 'Salón'),
  (79, '2024-04-02', 2, 28, 14, 2, 'Online'),
  (80, '2024-06-28', 10, 104, 2, 3, 'Salón'),
  (81, '2025-01-09', 9, 78, 8, 2, 'Online'),
  (82, '2025-05-08', 7, 146, 6, 2, 'Online'),
  (83, '2024-03-18', 3, 113, 9, 4, 'Salón'),
  (84, '2025-02-10', 11, 57, 15, 2, 'Online'),
  (85, '2024-01-15', 4, 151, 4, 4, 'Online'),
  (86, '2024-09-25', 1, 159, 10, 2, 'Online'),
  (87, '2024-08-27', 9, 5, 10, 5, 'Online'),
  (88, '2025-07-28', 5, 59, 14, 2, 'Online'),
  (89, '2025-04-20', 3, 124, 4, 4, 'Online'),
  (90, '2024-02-16', 3, 184, 13, 3, 'Salón'),
  (91, '2024-04-09', 6, 129, 4, 5, 'Salón'),
  (92, '2025-01-14', 5, 9, 10, 3, 'Online'),
  (93, '2025-02-28', 11, 102, 14, 5, 'Salón'),
  (94, '2024-10-13', 1, 37, 14, 3, 'Salón'),
  (95, '2025-03-31', 1, 119, 4, 4, 'Salón'),
  (96, '2025-01-11', 3, 141, 9, 4, 'Online'),
  (97, '2024-10-09', 9, 112, 14, 2, 'Salón'),
  (98, '2024-04-03', 6, 143, 2, 4, 'Salón'),
  (99, '2024-02-21', 3, 164, 8, 2, 'Online'),
  (100, '2025-08-01', 4, 42, 13, 2, 'Salón'),
  (101, '2024-07-31', 11, 191, 12, 1, 'Salón'),
  (102, '2024-05-31', 11, 139, 6, 3, 'Salón'),
  (103, '2025-07-07', 9, 26, 14, 1, 'Online'),
  (104, '2024-01-27', 12, 160, 2, 1, 'Salón'),
  (105, '2024-08-31', 5, 73, 10, 2, 'Online'),
  (106, '2024-09-28', 6, 146, 4, 4, 'Salón'),
  (107, '2025-03-07', 1, 12, 3, 4, 'Salón'),
  (108, '2025-01-05', 11, 19, 5, 4, 'Salón'),
  (109, '2025-09-21', 10, 83, 6, 5, 'Salón'),
  (110, '2025-04-14', 6, 57, 11, 2, 'Salón'),
  (111, '2025-02-15', 2, 139, 9, 2, 'Online'),
  (112, '2025-03-30', 10, 56, 9, 4, 'Salón'),
  (113, '2025-09-14', 8, 117, 1, 4, 'Salón'),
  (114, '2024-10-08', 4, 6, 3, 3, 'Online'),
  (115, '2024-10-28', 2, 18, 11, 2, 'Online'),
  (116, '2024-04-27', 5, 39, 9, 2, 'Salón'),
  (117, '2025-02-27', 8, 108, 5, 4, 'Online'),
  (118, '2024-04-07', 3, 7, 7, 3, 'Online'),
  (119, '2024-09-18', 8, 178, 11, 1, 'Online'),
  (120, '2025-04-30', 12, 163, 6, 1, 'Salón'),
  (121, '2024-04-05', 9, 142, 14, 3, 'Online'),
  (122, '2025-01-16', 3, 124, 7, 3, 'Salón'),
  (123, '2025-07-29', 7, 97, 2, 2, 'Online'),
  (124, '2025-03-09', 2, 165, 4, 1, 'Salón'),
  (125, '2024-12-26', 10, 89, 10, 2, 'Salón'),
  (126, '2025-05-08', 8, 183, 1, 2, 'Salón'),
  (127, '2025-07-23', 4, 102, 4, 5, 'Online'),
  (128, '2025-08-10', 3, 129, 6, 4, 'Salón'),
  (129, '2025-09-20', 8, 200, 14, 5, 'Salón'),
  (130, '2024-01-30', 12, 64, 15, 1, 'Salón'),
  (131, '2024-12-13', 11, 74, 11, 3, 'Online'),
  (132, '2024-05-26', 12, 60, 4, 2, 'Online'),
  (133, '2024-02-01', 1, 107, 9, 2, 'Salón'),
  (134, '2025-03-05', 2, 40, 1, 1, 'Online'),
  (135, '2024-11-15', 12, 71, 8, 2, 'Online'),
  (136, '2024-06-08', 3, 83, 7, 5, 'Salón'),
  (137, '2024-10-05', 7, 107, 2, 4, 'Online'),
  (138, '2025-03-28', 8, 108, 2, 5, 'Online'),
  (139, '2024-04-26', 10, 64, 13, 5, 'Online'),
  (140, '2025-08-30', 6, 121, 2, 2, 'Online'),
  (141, '2024-08-13', 8, 155, 14, 4, 'Online'),
  (142, '2024-11-04', 10, 179, 6, 1, 'Salón'),
  (143, '2024-10-23', 8, 172, 5, 2, 'Online'),
  (144, '2025-05-24', 9, 28, 3, 2, 'Online'),
  (145, '2025-01-24', 6, 21, 10, 4, 'Salón'),
  (146, '2024-03-14', 7, 54, 6, 4, 'Online'),
  (147, '2025-04-15', 10, 38, 8, 4, 'Salón'),
  (148, '2025-08-10', 2, 162, 15, 3, 'Online'),
  (149, '2024-04-27', 4, 135, 6, 1, 'Online'),
  (150, '2024-06-24', 3, 22, 2, 1, 'Online'),
  (151, '2024-04-18', 9, 82, 15, 4, 'Salón'),
  (152, '2025-06-20', 9, 116, 1, 2, 'Salón'),
  (153, '2024-12-13', 3, 85, 5, 1, 'Salón'),
  (154, '2025-06-06', 3, 113, 10, 1, 'Salón'),
  (155, '2024-12-25', 1, 13, 2, 5, 'Salón'),
  (156, '2024-05-29', 10, 127, 3, 1, 'Online'),
  (157, '2025-09-08', 3, 33, 5, 1, 'Salón'),
  (158, '2025-05-20', 6, 159, 7, 5, 'Online'),
  (159, '2025-08-01', 3, 158, 13, 2, 'Online'),
  (160, '2024-03-10', 1, 197, 10, 3, 'Online'),
  (161, '2024-10-08', 7, 145, 5, 4, 'Salón'),
  (162, '2024-11-13', 1, 162, 1, 3, 'Online'),
  (163, '2025-01-12', 9, 109, 2, 2, 'Online'),
  (164, '2024-04-02', 8, 23, 4, 4, 'Online'),
  (165, '2024-02-12', 11, 63, 15, 1, 'Online'),
  (166, '2025-09-11', 2, 97, 15, 3, 'Online'),
  (167, '2024-04-15', 6, 87, 8, 2, 'Online'),
  (168, '2024-06-25', 11, 164, 13, 4, 'Salón'),
  (169, '2025-03-24', 1, 186, 13, 2, 'Online'),
  (170, '2025-01-07', 4, 15, 4, 4, 'Online'),
  (171, '2024-12-12', 1, 132, 2, 1, 'Salón'),
  (172, '2024-12-03', 12, 168, 13, 5, 'Salón'),
  (173, '2024-09-15', 7, 183, 15, 5, 'Salón'),
  (174, '2024-05-24', 8, 161, 13, 3, 'Online'),
  (175, '2025-02-05', 9, 16, 10, 5, 'Salón'),
  (176, '2025-07-26', 3, 83, 3, 2, 'Online'),
  (177, '2025-06-23', 3, 33, 2, 5, 'Salón'),
  (178, '2025-01-05', 3, 44, 1, 1, 'Salón'),
  (179, '2024-08-07', 5, 116, 1, 5, 'Online'),
  (180, '2024-05-20', 10, 60, 10, 4, 'Salón'),
  (181, '2024-04-13', 6, 190, 5, 3, 'Salón'),
  (182, '2025-09-03', 4, 200, 14, 4, 'Online'),
  (183, '2024-07-04', 8, 64, 14, 3, 'Salón'),
  (184, '2025-01-08', 7, 103, 10, 3, 'Salón'),
  (185, '2025-04-04', 11, 103, 9, 4, 'Salón'),
  (186, '2024-07-17', 5, 45, 2, 4, 'Online'),
  (187, '2024-10-15', 9, 88, 8, 5, 'Online'),
  (188, '2024-07-23', 2, 23, 12, 4, 'Salón'),
  (189, '2025-05-07', 7, 47, 12, 4, 'Online'),
  (190, '2024-05-07', 1, 165, 9, 3, 'Online'),
  (191, '2024-10-06', 2, 91, 2, 2, 'Online'),
  (192, '2024-08-15', 7, 2, 10, 2, 'Online'),
  (193, '2024-02-24', 8, 32, 9, 3, 'Online'),
  (194, '2024-03-24', 4, 193, 13, 4, 'Online'),
  (195, '2024-11-22', 2, 181, 3, 3, 'Salón'),
  (196, '2024-05-20', 8, 113, 14, 1, 'Salón'),
  (197, '2024-05-22', 3, 38, 10, 1, 'Online'),
  (198, '2024-03-22', 10, 200, 8, 2, 'Salón'),
  (199, '2025-07-15', 11, 107, 1, 5, 'Online'),
  (200, '2024-08-31', 7, 161, 6, 5, 'Online');

INSERT INTO dbo.Ventas (id_venta, fecha_venta, id_local, id_cliente, id_vendedor, id_forma_pago, canal) VALUES
  (201, '2024-09-01', 3, 124, 3, 3, 'Online'),
  (202, '2024-04-23', 7, 49, 3, 1, 'Online'),
  (203, '2025-06-11', 7, 41, 11, 1, 'Salón'),
  (204, '2024-01-02', 7, 162, 14, 3, 'Online'),
  (205, '2025-03-02', 11, 179, 4, 4, 'Salón'),
  (206, '2025-01-04', 7, 172, 4, 3, 'Salón'),
  (207, '2025-07-21', 2, 182, 10, 5, 'Salón'),
  (208, '2025-01-31', 7, 97, 9, 3, 'Online'),
  (209, '2024-12-31', 3, 97, 15, 1, 'Salón'),
  (210, '2024-04-16', 12, 134, 8, 1, 'Online'),
  (211, '2024-12-26', 4, 94, 4, 3, 'Online'),
  (212, '2025-05-05', 2, 6, 13, 2, 'Salón'),
  (213, '2025-04-13', 9, 106, 8, 2, 'Salón'),
  (214, '2024-07-23', 6, 171, 10, 5, 'Salón'),
  (215, '2025-02-11', 4, 64, 10, 1, 'Online'),
  (216, '2024-07-14', 2, 17, 2, 3, 'Online'),
  (217, '2024-12-05', 12, 90, 8, 4, 'Online'),
  (218, '2025-03-23', 8, 152, 4, 5, 'Online'),
  (219, '2024-07-10', 10, 127, 2, 3, 'Online'),
  (220, '2024-09-30', 9, 109, 11, 4, 'Salón');

INSERT INTO dbo.DetalleVenta (id_detalle, id_venta, id_modelo, cantidad, precio_unitario, costo_unitario) VALUES
  (1, 1, 6, 1, 1306.11, 1012.85),
  (2, 2, 1, 1, 571.3, 418.04),
  (3, 2, 6, 2, 1179.48, 815.79),
  (4, 3, 2, 1, 589.98, 461.74),
  (5, 3, 6, 1, 948.12, 749.78),
  (6, 4, 4, 1, 1232.83, 923.63),
  (7, 4, 7, 3, 436.27, 273.96),
  (8, 4, 1, 2, 471.77, 365.83),
  (9, 5, 8, 2, 437.46, 299.35),
  (10, 5, 11, 2, 671.9, 449.53),
  (11, 5, 12, 2, 335.72, 267.59),
  (12, 6, 11, 1, 536.9, 341.1),
  (13, 7, 5, 1, 1111.89, 726.95),
  (14, 8, 2, 3, 460.66, 330.26),
  (15, 9, 9, 3, 465.6, 284.8),
  (16, 10, 8, 1, 351.65, 240.26),
  (17, 11, 1, 3, 443.44, 278.29),
  (18, 11, 10, 3, 411.27, 295.14),
  (19, 11, 1, 1, 535.29, 407.35),
  (20, 12, 12, 2, 299.61, 238.7),
  (21, 12, 11, 2, 702.75, 542.08),
  (22, 13, 12, 3, 319.82, 205.87),
  (23, 13, 2, 3, 615.97, 440.39),
  (24, 14, 9, 3, 376.84, 285.96),
  (25, 15, 6, 1, 1052.02, 832.53),
  (26, 15, 11, 1, 526.86, 374.29),
  (27, 15, 11, 1, 621.74, 409.76),
  (28, 16, 2, 1, 463.7, 305.01),
  (29, 17, 1, 3, 563.28, 394.47),
  (30, 17, 4, 2, 858.91, 582.46),
  (31, 17, 3, 2, 489.43, 328.49),
  (32, 18, 10, 3, 540.0, 409.24),
  (33, 18, 8, 2, 481.45, 298.75),
  (34, 19, 1, 1, 492.3, 392.2),
  (35, 19, 2, 2, 491.92, 298.47),
  (36, 19, 11, 3, 600.7, 448.87),
  (37, 20, 7, 1, 339.89, 206.99),
  (38, 20, 5, 3, 1183.74, 826.86),
  (39, 21, 3, 1, 538.56, 355.44),
  (40, 21, 7, 1, 408.8, 321.44),
  (41, 22, 12, 3, 281.93, 182.21),
  (42, 22, 4, 3, 862.89, 618.39),
  (43, 23, 2, 1, 607.45, 379.94),
  (44, 23, 8, 2, 446.74, 293.8),
  (45, 24, 8, 3, 402.73, 290.8),
  (46, 24, 10, 3, 553.47, 424.55),
  (47, 25, 4, 3, 959.16, 593.01),
  (48, 26, 2, 2, 500.85, 314.46),
  (49, 26, 1, 3, 446.61, 330.06),
  (50, 26, 11, 2, 497.64, 324.03),
  (51, 27, 4, 3, 1132.85, 823.19),
  (52, 28, 11, 2, 651.22, 430.62),
  (53, 28, 4, 3, 1206.35, 919.62),
  (54, 28, 3, 1, 464.82, 290.18),
  (55, 29, 8, 3, 382.82, 254.67),
  (56, 29, 3, 2, 534.86, 338.89),
  (57, 29, 4, 2, 1208.05, 743.55),
  (58, 30, 12, 2, 305.12, 215.18),
  (59, 30, 2, 1, 538.2, 357.44),
  (60, 30, 3, 2, 521.02, 312.89),
  (61, 31, 12, 2, 309.41, 227.88),
  (62, 31, 2, 3, 613.94, 477.75),
  (63, 32, 7, 2, 404.98, 301.39),
  (64, 32, 5, 3, 1270.94, 1011.62),
  (65, 33, 11, 2, 577.5, 373.56),
  (66, 33, 5, 3, 921.85, 698.78),
  (67, 33, 4, 1, 1214.92, 826.23),
  (68, 34, 10, 2, 522.32, 325.42),
  (69, 34, 1, 2, 482.1, 379.24),
  (70, 35, 5, 1, 1049.41, 708.6),
  (71, 35, 3, 3, 478.89, 341.16),
  (72, 35, 2, 3, 456.29, 291.42),
  (73, 36, 6, 1, 1019.05, 725.49),
  (74, 37, 9, 2, 358.09, 251.88),
  (75, 37, 9, 3, 495.53, 338.47),
  (76, 37, 9, 2, 359.35, 215.89),
  (77, 38, 5, 3, 955.27, 611.49),
  (78, 38, 10, 1, 453.85, 302.14),
  (79, 39, 7, 2, 449.92, 277.0),
  (80, 39, 2, 1, 533.55, 349.24),
  (81, 39, 4, 1, 908.96, 654.63),
  (82, 40, 4, 1, 1218.74, 951.98),
  (83, 40, 10, 2, 423.51, 322.92),
  (84, 40, 5, 3, 1174.17, 808.88),
  (85, 41, 12, 1, 323.65, 217.99),
  (86, 42, 4, 3, 1256.82, 834.57),
  (87, 43, 12, 2, 293.73, 220.27),
  (88, 43, 8, 3, 394.04, 267.92),
  (89, 43, 8, 3, 459.07, 275.51),
  (90, 44, 4, 2, 866.15, 678.17),
  (91, 44, 7, 1, 377.08, 249.61),
  (92, 45, 7, 1, 411.68, 294.11),
  (93, 45, 4, 3, 937.66, 715.63),
  (94, 46, 10, 2, 490.97, 313.96),
  (95, 47, 9, 2, 463.84, 368.16),
  (96, 47, 8, 1, 493.38, 368.47),
  (97, 47, 12, 2, 370.71, 230.99),
  (98, 48, 6, 2, 1287.51, 900.15),
  (99, 49, 1, 2, 498.77, 300.23),
  (100, 49, 3, 3, 596.1, 447.72),
  (101, 50, 9, 2, 437.22, 291.26),
  (102, 50, 2, 1, 515.78, 313.05),
  (103, 51, 6, 2, 1230.83, 826.36),
  (104, 52, 10, 2, 540.02, 412.89),
  (105, 52, 8, 3, 384.47, 230.75),
  (106, 52, 8, 2, 398.48, 264.49),
  (107, 53, 4, 1, 1048.97, 644.38),
  (108, 53, 4, 1, 921.21, 680.84),
  (109, 54, 8, 2, 495.72, 343.67),
  (110, 55, 3, 3, 461.93, 346.41),
  (111, 56, 7, 1, 382.97, 277.67),
  (112, 56, 9, 1, 367.45, 286.18),
  (113, 56, 6, 2, 1016.1, 620.46),
  (114, 57, 9, 3, 397.4, 271.35),
  (115, 57, 1, 2, 407.59, 256.53),
  (116, 57, 3, 3, 531.09, 406.76),
  (117, 58, 4, 3, 1164.32, 880.29),
  (118, 58, 10, 2, 488.48, 359.41),
  (119, 58, 10, 2, 400.39, 300.16),
  (120, 59, 12, 1, 387.76, 240.12),
  (121, 59, 4, 1, 1192.93, 947.79),
  (122, 59, 10, 3, 516.41, 350.6),
  (123, 60, 10, 1, 523.03, 340.69),
  (124, 60, 7, 2, 329.8, 260.93),
  (125, 60, 12, 1, 345.95, 271.88),
  (126, 61, 1, 3, 553.79, 408.54),
  (127, 62, 2, 2, 562.46, 386.78),
  (128, 63, 8, 2, 454.22, 279.76),
  (129, 63, 2, 2, 466.12, 369.44),
  (130, 64, 1, 2, 447.8, 287.18),
  (131, 64, 5, 3, 1098.3, 719.18),
  (132, 64, 3, 3, 530.01, 379.89),
  (133, 65, 6, 1, 1067.78, 678.5),
  (134, 66, 9, 3, 450.64, 308.43),
  (135, 66, 6, 1, 1083.99, 737.4),
  (136, 66, 6, 2, 1083.09, 859.5),
  (137, 67, 2, 2, 467.61, 343.54),
  (138, 68, 7, 3, 372.95, 237.81),
  (139, 68, 1, 1, 413.65, 270.74),
  (140, 69, 12, 3, 275.01, 187.18),
  (141, 69, 6, 1, 1081.39, 779.48),
  (142, 69, 1, 1, 464.85, 300.83),
  (143, 70, 9, 2, 438.36, 267.4),
  (144, 70, 4, 3, 876.29, 623.97),
  (145, 70, 8, 2, 383.19, 254.99),
  (146, 71, 12, 1, 375.79, 245.88),
  (147, 71, 11, 2, 609.37, 483.55),
  (148, 72, 5, 2, 1290.61, 844.17),
  (149, 73, 4, 2, 1046.32, 760.19),
  (150, 73, 12, 3, 369.5, 225.17),
  (151, 73, 5, 2, 979.52, 636.38),
  (152, 74, 8, 1, 408.7, 323.68),
  (153, 74, 7, 3, 341.06, 230.35),
  (154, 75, 7, 1, 330.03, 230.31),
  (155, 75, 7, 3, 331.13, 255.21),
  (156, 76, 9, 1, 369.83, 276.75),
  (157, 76, 5, 3, 1111.62, 868.99),
  (158, 76, 9, 2, 407.85, 279.95),
  (159, 77, 8, 3, 447.58, 303.89),
  (160, 77, 6, 1, 1017.73, 634.92),
  (161, 77, 10, 2, 482.14, 327.74),
  (162, 78, 6, 2, 1293.83, 862.36),
  (163, 78, 12, 3, 367.05, 288.67),
  (164, 78, 11, 1, 563.11, 401.15),
  (165, 79, 10, 3, 425.3, 277.12),
  (166, 79, 10, 2, 532.37, 367.82),
  (167, 80, 10, 3, 513.94, 385.92),
  (168, 81, 4, 2, 1126.07, 697.19),
  (169, 82, 2, 2, 523.97, 407.62),
  (170, 82, 10, 1, 408.21, 250.53),
  (171, 82, 5, 2, 935.54, 683.28),
  (172, 83, 2, 3, 562.88, 340.88),
  (173, 84, 11, 2, 546.1, 331.28),
  (174, 85, 5, 1, 994.95, 733.56),
  (175, 85, 1, 2, 492.12, 299.31),
  (176, 85, 10, 2, 545.9, 344.75),
  (177, 86, 10, 2, 414.68, 255.82),
  (178, 86, 6, 1, 1143.61, 854.44),
  (179, 86, 8, 3, 499.99, 343.52),
  (180, 87, 8, 3, 468.36, 312.96),
  (181, 88, 10, 1, 520.41, 356.58),
  (182, 88, 8, 3, 482.58, 290.05),
  (183, 88, 1, 1, 431.83, 315.88),
  (184, 89, 6, 2, 895.45, 561.11),
  (185, 89, 5, 1, 983.88, 705.34),
  (186, 89, 7, 1, 334.21, 201.4),
  (187, 90, 8, 2, 394.16, 280.48),
  (188, 90, 8, 1, 410.92, 272.42),
  (189, 91, 6, 1, 1285.9, 884.78),
  (190, 91, 4, 2, 866.79, 575.65),
  (191, 91, 5, 2, 992.34, 627.35),
  (192, 92, 12, 3, 305.49, 239.92),
  (193, 92, 5, 3, 1131.92, 887.7),
  (194, 92, 3, 1, 491.06, 357.33),
  (195, 93, 12, 3, 300.42, 239.02),
  (196, 93, 12, 2, 289.96, 176.34),
  (197, 94, 8, 2, 406.1, 303.71),
  (198, 94, 2, 1, 448.9, 355.18),
  (199, 94, 4, 2, 1134.07, 711.75),
  (200, 95, 8, 1, 379.48, 272.22);

INSERT INTO dbo.DetalleVenta (id_detalle, id_venta, id_modelo, cantidad, precio_unitario, costo_unitario) VALUES
  (201, 95, 9, 3, 376.18, 242.38),
  (202, 96, 5, 2, 1220.74, 849.52),
  (203, 97, 5, 2, 1110.95, 807.12),
  (204, 98, 12, 3, 357.85, 220.29),
  (205, 98, 6, 3, 999.08, 654.92),
  (206, 98, 2, 1, 623.51, 405.92),
  (207, 99, 5, 1, 871.4, 634.59),
  (208, 100, 7, 3, 374.88, 237.41),
  (209, 101, 11, 2, 509.58, 348.25),
  (210, 102, 12, 1, 323.58, 224.45),
  (211, 102, 12, 1, 303.22, 228.87),
  (212, 103, 5, 1, 1284.88, 860.46),
  (213, 104, 8, 2, 354.65, 232.04),
  (214, 105, 3, 1, 512.65, 330.61),
  (215, 106, 8, 3, 428.98, 262.04),
  (216, 107, 10, 1, 406.17, 306.56),
  (217, 107, 6, 2, 1151.47, 756.89),
  (218, 107, 3, 2, 580.55, 385.51),
  (219, 108, 1, 3, 470.27, 293.32),
  (220, 108, 1, 1, 593.95, 458.74),
  (221, 109, 2, 3, 545.7, 402.93),
  (222, 109, 6, 3, 926.1, 712.7),
  (223, 109, 12, 2, 326.73, 216.36),
  (224, 110, 7, 2, 396.94, 296.39),
  (225, 111, 1, 1, 588.81, 464.91),
  (226, 111, 8, 2, 353.35, 267.28),
  (227, 111, 12, 3, 336.92, 257.72),
  (228, 112, 9, 2, 399.82, 273.52),
  (229, 113, 10, 1, 408.05, 312.78),
  (230, 114, 4, 3, 1271.24, 976.95),
  (231, 114, 11, 3, 620.88, 458.67),
  (232, 115, 10, 3, 534.12, 322.55),
  (233, 115, 12, 2, 304.4, 226.53),
  (234, 115, 8, 1, 370.23, 274.53),
  (235, 116, 7, 2, 348.84, 273.51),
  (236, 116, 3, 1, 579.56, 351.69),
  (237, 117, 2, 2, 547.03, 389.76),
  (238, 117, 10, 2, 461.94, 331.11),
  (239, 118, 12, 2, 378.72, 228.26),
  (240, 118, 7, 3, 405.98, 310.94),
  (241, 119, 2, 3, 446.31, 355.0),
  (242, 120, 8, 1, 394.55, 310.09),
  (243, 121, 7, 3, 351.73, 223.76),
  (244, 122, 12, 1, 350.16, 279.13),
  (245, 122, 4, 3, 1177.43, 740.31),
  (246, 122, 5, 3, 1003.2, 640.05),
  (247, 123, 10, 1, 538.15, 324.38),
  (248, 123, 9, 2, 384.38, 246.29),
  (249, 123, 3, 2, 597.05, 368.38),
  (250, 124, 2, 3, 575.49, 456.62),
  (251, 124, 12, 2, 389.2, 283.67),
  (252, 125, 8, 3, 365.78, 269.49),
  (253, 125, 8, 1, 441.47, 316.08),
  (254, 125, 2, 1, 443.28, 273.27),
  (255, 126, 3, 2, 588.73, 377.14),
  (256, 127, 12, 2, 290.8, 219.32),
  (257, 128, 9, 3, 443.37, 345.17),
  (258, 128, 4, 3, 1089.4, 747.1),
  (259, 129, 11, 3, 595.23, 421.81),
  (260, 129, 2, 3, 461.33, 328.26),
  (261, 129, 7, 2, 326.46, 229.57),
  (262, 130, 8, 3, 405.37, 283.67),
  (263, 130, 7, 2, 380.98, 293.92),
  (264, 131, 7, 1, 426.54, 318.84),
  (265, 132, 7, 1, 400.84, 307.57),
  (266, 133, 11, 3, 537.48, 344.79),
  (267, 133, 4, 1, 937.73, 658.7),
  (268, 133, 7, 2, 354.29, 272.67),
  (269, 134, 5, 1, 937.31, 635.76),
  (270, 134, 7, 2, 371.61, 240.28),
  (271, 135, 5, 3, 1011.12, 691.86),
  (272, 135, 12, 1, 365.8, 258.54),
  (273, 135, 10, 1, 558.92, 425.32),
  (274, 136, 7, 1, 393.5, 301.8),
  (275, 136, 9, 3, 469.06, 287.6),
  (276, 136, 4, 1, 901.8, 618.85),
  (277, 137, 10, 2, 505.22, 363.43),
  (278, 137, 7, 2, 344.29, 262.73),
  (279, 137, 6, 3, 1118.57, 880.23),
  (280, 138, 10, 1, 545.27, 388.25),
  (281, 138, 2, 3, 497.41, 364.4),
  (282, 139, 5, 1, 901.38, 670.44),
  (283, 139, 12, 2, 344.16, 270.35),
  (284, 140, 9, 3, 369.33, 249.6),
  (285, 140, 2, 2, 637.04, 419.84),
  (286, 140, 10, 1, 559.15, 409.32),
  (287, 141, 9, 1, 380.02, 294.54),
  (288, 141, 4, 1, 995.79, 744.67),
  (289, 141, 8, 1, 480.8, 350.23),
  (290, 142, 5, 2, 1253.86, 772.24),
  (291, 143, 1, 1, 495.71, 315.56),
  (292, 144, 7, 1, 449.65, 307.21),
  (293, 145, 8, 3, 406.51, 291.14),
  (294, 145, 11, 3, 651.16, 477.38),
  (295, 145, 6, 2, 1261.01, 865.22),
  (296, 146, 1, 1, 591.85, 392.99),
  (297, 146, 8, 2, 417.78, 331.4),
  (298, 146, 10, 1, 403.35, 268.82),
  (299, 147, 3, 3, 606.62, 463.98),
  (300, 147, 4, 2, 1036.13, 684.72),
  (301, 148, 8, 3, 354.0, 258.9),
  (302, 148, 4, 2, 879.37, 549.92),
  (303, 148, 3, 2, 595.82, 404.28),
  (304, 149, 12, 2, 377.78, 283.32),
  (305, 150, 11, 2, 504.22, 376.75),
  (306, 150, 6, 1, 898.63, 597.42),
  (307, 150, 1, 2, 487.44, 360.6),
  (308, 151, 2, 3, 564.84, 437.72),
  (309, 151, 4, 2, 1176.54, 772.43),
  (310, 152, 11, 2, 695.63, 466.14),
  (311, 152, 11, 3, 562.85, 400.61),
  (312, 153, 1, 1, 457.73, 348.73),
  (313, 153, 5, 1, 1219.43, 771.41),
  (314, 154, 1, 3, 430.52, 274.85),
  (315, 154, 6, 1, 1149.13, 832.73),
  (316, 154, 12, 2, 371.3, 253.17),
  (317, 155, 8, 1, 381.56, 288.86),
  (318, 156, 6, 1, 1291.87, 831.41),
  (319, 157, 6, 1, 1021.03, 731.08),
  (320, 157, 3, 1, 517.87, 384.92),
  (321, 157, 12, 3, 298.94, 209.36),
  (322, 158, 4, 3, 1133.26, 762.39),
  (323, 158, 1, 2, 484.7, 368.57),
  (324, 158, 7, 3, 326.01, 204.36),
  (325, 159, 7, 2, 398.75, 269.9),
  (326, 159, 4, 1, 1297.23, 1029.82),
  (327, 159, 10, 2, 448.31, 309.26),
  (328, 160, 5, 3, 1231.57, 874.93),
  (329, 160, 9, 2, 369.24, 246.62),
  (330, 161, 1, 3, 464.77, 340.93),
  (331, 161, 11, 1, 492.65, 378.62),
  (332, 162, 8, 1, 358.93, 284.28),
  (333, 162, 9, 1, 465.04, 282.96),
  (334, 163, 7, 3, 406.51, 279.07),
  (335, 164, 4, 3, 1079.41, 790.21),
  (336, 164, 3, 3, 591.96, 378.0),
  (337, 165, 8, 3, 422.96, 335.71),
  (338, 165, 12, 1, 295.37, 193.81),
  (339, 165, 5, 2, 1121.05, 692.95),
  (340, 166, 10, 1, 545.84, 387.21),
  (341, 166, 6, 1, 942.29, 574.84),
  (342, 166, 7, 2, 411.87, 253.9),
  (343, 167, 12, 1, 370.67, 258.93),
  (344, 167, 5, 3, 1099.22, 670.27),
  (345, 167, 12, 3, 389.92, 256.71),
  (346, 168, 2, 3, 454.34, 349.85),
  (347, 169, 11, 3, 616.47, 470.11),
  (348, 169, 4, 3, 1107.84, 752.83),
  (349, 169, 2, 1, 628.69, 481.99),
  (350, 170, 1, 2, 497.11, 311.34),
  (351, 170, 9, 2, 461.31, 362.62),
  (352, 171, 6, 3, 981.92, 757.12),
  (353, 171, 8, 2, 446.16, 329.27),
  (354, 171, 1, 1, 459.96, 301.03),
  (355, 172, 3, 3, 497.95, 397.09),
  (356, 172, 5, 2, 945.77, 694.73),
  (357, 172, 11, 2, 656.68, 464.23),
  (358, 173, 3, 1, 539.56, 413.98),
  (359, 173, 12, 3, 374.27, 250.58),
  (360, 174, 12, 3, 354.63, 281.2),
  (361, 174, 6, 3, 1026.45, 635.03),
  (362, 175, 10, 3, 533.13, 338.27),
  (363, 175, 8, 1, 498.44, 398.67),
  (364, 175, 4, 2, 1163.73, 874.2),
  (365, 176, 5, 2, 1291.42, 991.63),
  (366, 176, 2, 1, 475.27, 320.68),
  (367, 176, 5, 3, 1193.31, 744.3),
  (368, 177, 8, 3, 417.96, 316.61),
  (369, 177, 10, 2, 402.87, 291.39),
  (370, 177, 2, 3, 499.07, 371.4),
  (371, 178, 9, 2, 471.16, 315.6),
  (372, 178, 10, 1, 546.4, 371.23),
  (373, 179, 7, 1, 319.29, 211.07),
  (374, 179, 10, 1, 511.51, 350.19),
  (375, 180, 7, 2, 452.65, 344.15),
  (376, 181, 12, 2, 380.03, 258.28),
  (377, 181, 9, 3, 471.73, 364.36),
  (378, 181, 10, 1, 418.42, 290.89),
  (379, 182, 5, 1, 1055.83, 826.87),
  (380, 183, 8, 2, 469.89, 363.42),
  (381, 183, 10, 1, 535.0, 342.53),
  (382, 183, 6, 2, 964.43, 624.15),
  (383, 184, 5, 3, 1094.55, 687.61),
  (384, 184, 2, 2, 627.02, 454.65),
  (385, 185, 3, 1, 525.46, 395.99),
  (386, 185, 6, 2, 960.4, 661.71),
  (387, 185, 12, 2, 375.88, 297.97),
  (388, 186, 9, 3, 440.81, 329.11),
  (389, 186, 9, 2, 380.22, 265.64),
  (390, 186, 7, 2, 337.28, 251.97),
  (391, 187, 12, 3, 314.89, 221.81),
  (392, 187, 7, 2, 323.48, 250.86),
  (393, 187, 2, 1, 461.81, 334.07),
  (394, 188, 9, 1, 458.58, 346.1),
  (395, 188, 4, 3, 910.51, 630.29),
  (396, 189, 1, 1, 580.05, 411.54),
  (397, 189, 7, 3, 351.02, 217.68),
  (398, 189, 6, 3, 1094.75, 680.21),
  (399, 190, 1, 1, 592.11, 422.69),
  (400, 191, 9, 1, 472.86, 316.56);

INSERT INTO dbo.DetalleVenta (id_detalle, id_venta, id_modelo, cantidad, precio_unitario, costo_unitario) VALUES
  (401, 191, 7, 2, 345.28, 231.83),
  (402, 191, 12, 1, 343.42, 262.95),
  (403, 192, 4, 1, 1061.96, 813.29),
  (404, 192, 3, 2, 585.97, 420.57),
  (405, 193, 12, 2, 323.25, 203.14),
  (406, 193, 3, 1, 590.4, 458.8),
  (407, 193, 8, 2, 351.87, 242.91),
  (408, 194, 8, 1, 405.98, 276.28),
  (409, 195, 10, 3, 516.44, 349.3),
  (410, 195, 6, 2, 1219.86, 741.92),
  (411, 195, 7, 1, 456.76, 322.1),
  (412, 196, 2, 2, 539.61, 370.29),
  (413, 196, 12, 3, 277.31, 180.88),
  (414, 197, 7, 3, 319.73, 223.87),
  (415, 197, 1, 1, 581.46, 435.62),
  (416, 198, 10, 1, 569.12, 424.62),
  (417, 198, 4, 1, 1021.95, 660.73),
  (418, 199, 7, 2, 388.3, 259.04),
  (419, 200, 11, 1, 526.59, 389.15),
  (420, 201, 7, 3, 321.19, 250.7),
  (421, 201, 1, 2, 464.37, 355.73),
  (422, 201, 4, 1, 1182.4, 818.55),
  (423, 202, 7, 3, 324.41, 256.49),
  (424, 202, 10, 1, 560.31, 397.55),
  (425, 202, 12, 3, 294.4, 184.74),
  (426, 203, 11, 1, 619.1, 390.31),
  (427, 203, 9, 2, 515.35, 402.86),
  (428, 203, 12, 2, 381.38, 229.16),
  (429, 204, 7, 3, 426.32, 332.93),
  (430, 205, 12, 3, 347.57, 270.19),
  (431, 205, 6, 1, 1284.68, 813.28),
  (432, 205, 11, 3, 570.21, 453.03),
  (433, 206, 5, 3, 934.11, 713.06),
  (434, 206, 12, 3, 301.99, 224.89),
  (435, 206, 2, 3, 476.93, 363.11),
  (436, 207, 9, 2, 362.4, 274.78),
  (437, 207, 5, 1, 902.03, 641.6),
  (438, 208, 1, 3, 496.51, 311.2),
  (439, 208, 9, 1, 483.16, 348.39),
  (440, 209, 2, 1, 460.94, 358.38),
  (441, 209, 7, 3, 393.76, 307.87),
  (442, 210, 3, 1, 585.31, 428.17),
  (443, 211, 9, 1, 502.98, 338.35),
  (444, 211, 4, 3, 1081.38, 697.43),
  (445, 211, 2, 2, 625.93, 405.91),
  (446, 212, 1, 1, 461.65, 356.36),
  (447, 213, 9, 1, 474.54, 320.26),
  (448, 213, 7, 1, 345.39, 260.29),
  (449, 214, 5, 2, 1023.44, 783.88),
  (450, 214, 12, 3, 309.08, 188.44),
  (451, 215, 9, 1, 407.14, 252.51),
  (452, 215, 7, 3, 338.41, 211.51),
  (453, 216, 2, 1, 605.53, 391.48),
  (454, 216, 3, 3, 513.34, 314.45),
  (455, 217, 6, 2, 1304.24, 843.86),
  (456, 218, 4, 2, 875.88, 578.79),
  (457, 218, 5, 2, 978.94, 697.62),
  (458, 218, 9, 2, 422.1, 334.9),
  (459, 219, 2, 2, 613.43, 486.58),
  (460, 219, 11, 2, 675.37, 448.8),
  (461, 219, 10, 3, 503.23, 350.01),
  (462, 220, 4, 2, 950.44, 643.55),
  (463, 220, 4, 1, 975.07, 682.56),
  (464, 220, 12, 2, 381.54, 274.51);
